UUID,FIRT NAME,LAST NAME, IP ADDRESS
3de2de9b-b559-4e31-842b-32997828b369,Fonz,Tewkesberrie,205.216.24.58
b1fb4f89-a6ec-4b5b-a00f-37a3f4cd0c33,Jeannette,Senn,163.231.210.68
6d095be3-6aab-4ff6-830d-fffc26ec5af3,Isacco,Renneke,224.136.72.204
8d27d201-09a2-4fe4-ab65-d057615f3a2d,Wendye,Ouldcott,24.162.102.128
b87db330-f5c0-4fbb-bb3d-56d27582e766,Francisca,O'Doghesty,
9198599e-8267-4f00-876c-9304bab7e2e7,Ron,Nisby,86.4.183.226
a870b9d9-d3e6-4edb-93bd-ef44adae4113,Andrey,Montfort,226.124.55.185
5e208fee-b9f2-44a7-8d2e-084edf56fceb,Rheba,Liddiatt,
1f8553bb-7a02-414b-83bf-c97f1fa7b828,Jonas,Gathercole,167.143.99.17
27761d9d-aa69-41d4-9d11-275491f41c12,Terri-jo,Athey,85.179.241.56
